event_id,user_id,event_type,feature_name,occurred_at,...6
1,655 ,NA,in$tegrat^i%ons,2025-09-08 22:42:37,NA
2,115,feature_u!se!d,integratio.n&s,2025-05-30 06:49:08,NA
3,26,+page_view,NA,2025-09-01 23:07:00,NA
4,82 ,page_view,$NA,2025-10-14 03:45:40,NA
5,655,feature_use!d,integ*rations,2025-10-09 08:34:42 ,NA
6,NA,feature_^u*sed,aler*ts,NA,NA
7,666,feature_$used,integr!atio-ns,NA,NA
NA,NA,NA,NA,2025-07-17 16:12:22,NA
9,617,login,NA ,2025-06-04 09:24:57 ,NA
10,159,NA,NA,2025-06-30 19:26:05,NA
NA,345,page_view,NA,2025-08-01 17:49:56 ,NA
12,637,f@eature_used,a@lerts,2025-05-24 07:46:21,NA
13,347,NA,NA,2025-06-17 14:57:23,NA
14,690 ,feature_u$sed ,alerts ,NA,NA
15,582 ,NA,alerts,2025-06-22 09:52:38,NA
NA,140,feature_used,ale&rts,2025-10-24 03:20:34,NA
17,135,f#eatu)re_used,report*s,2025-10-09 11:22:13,NA
18,80,feature*_used,experiments,2025-08-27 08:02:55,NA
19,346,feature_used,alerts,2025-06-02 16:53:26 ,NA 
NA,361,feature_used,reports,NA,NA
21,194 ,fea%t#ure_used,experiment)s,2025-06-18 02:41:34,NA
22,247,feature_used,expe@riments,2025-06-02 07:24:02,NA
23 ,64,si_gnup_co$mpleted ,-NA,NA,NA
24,606,feature_used,NA,2025-09-18 00:14:13 ,NA
NA,404 ,feature_used,alerts,2025-06-01 00:03:03,NA
26,5,@page_view,NA,2025-08-07 13:10:27,NA
27,156,NA,dashboard,2025-08-09 09:52:11,NA
28,617,+page_view,NA,NA,NA 
29,341,signu_p_completed,NA,2025-09-17 14:40:41 ,NA
30,221,feat)ure_%used,NA,NA,NA
31,434,lo&gin,na,2025-11-02 21:32:31,NA
32,194,page_view,NA,2025-10-17 02:37:24,NA
NA,614,page_view,NA ,2025-09-09 09:39:52,NA
34,111,page_view,NA,2025-10-01 23:42:28,NA
35,419,LOGIN,NA,2025-09-27 10:55:47,NA
36,565,feat@ure_used,NA,2025-09-13 01:00:33 ,NA
37,168,feature@_%used,NA,NA,NA
38,130,fea(ture_^used,&experime)nts ,2025-10-24 20:29:31,NA
39,511,p@age_view,NA,2025-08-09 20:16:06,NA
40,NA,fea%tu^re_used,NA,2025-06-23 18:44:15,NA 
41,574,^f*eature_used,alerts,2025-09-03 04:52:20 ,NA
42,605 ,)page_v%iew,NA,2025-09-19 02:19:53,NA
NA,71,(FEAT&URE_USED,A.LERTS ,2025-05-31 00:13:02,NA
44,306,fe@ature_used,NA,2025-05-26 19:06:54 ,NA
NA,588,feature_used,#alerts,2025-07-30 22:10:59,NA
46 ,249,@feature_used,integrati$ons,2025-10-03 16:54:06,NA
47,124,featu$re_used ,alert!s,2025-09-25 03:04:22 ,NA
48,169,feature_used,alerts,2025-09-20 02:00:30,NA
49,692 ,(feat.ure__used,experiments,2025-06-27 01:23:50,NA
NA,6,NA,NA,2025-10-19 01:54:31 ,NA
51,495,f_eature_used,alert$s,2025-07-11 10:47:21,NA
52,413,fea!ture_used,inte-grations,2025-08-01 12:43:40,NA
53,265,feature_used,aler(ts,2025-06-05 01:13:08,NA
54,1,#fea#ture._used,aler^ts,2025-10-17 13:26:04,NA
55,322 ,feat$ure_used,integrations,2025-06-13 03:08:54,NA
56,316,fe)atu%re_used ,ale.rts,2025-08-17 14:19:40,NA
57,628,feature_used,reports,2025-10-01 10:55:25,NA
58,133,feature_used ,integrations,2025-06-21 08:01:22,NA
59,174,NA,(INTEGRATIONS,2025-06-21 21:17:55 ,NA
60,NA,feature_+used,alerts,2025-06-20 06:25:30,NA
61,275,feature_used,(integration&s,2025-06-16 22:19:21,NA
62,288,NA,NA,2025-06-27 19:37:36,NA
63,143,NA,NA,2025-08-21 11:40:51,NA
64 ,482,feature_used ,i(ntegr.ations,2025-07-05 09:52:22,NA
65 ,510,NA,NA,2025-06-02 09:29:25,NA
66,683 ,pag)e_view,NA,2025-08-02 03:56:07,NA
67,NA,f*eature_u(se*d,in+tegration@s,2025-05-24 20:36:11 ,NA
68,576,fea+ture_used,alerts ,NA,NA
NA,701,page_.view,NA ,NA,NA
70,617,feature_use$d,ale#rt)s,2025-09-13 19:14:27,NA
71,630,PAGE._V(IEW,.NA,2025-10-24 12:02:17,NA
72,179,featu!re_us(ed,experiment%s,2025-08-05 20:08:03,NA
73,NA,feature_us+ed,alerts,2025-07-17 02:56:09,NA
74,304,feature_used,alerts,2025-07-19 20:41:58,NA
75,195,page_view,NA ,2025-06-23 19:50:12,NA
76,466,invitation_)sent,NA,2025-07-09 11:22:55 ,NA
77,694,_FEATURE_US.ED,REP%ORT@S,2025-07-08 09:57:29,NA
78,555,feature_us*ed,ale_rts,2025-07-19 13:59:25,NA
79,323,feature_us#ed,integrations,2025-10-26 22:14:04,NA
80,22,^FEATURE_U(SED,ALER!TS,2025-09-03 08:48:12,NA
81,111,page_v#ie*w,NA,NA,NA
82,304,feature_us&ed,.integrations,2025-10-10 06:34:43,NA
83 ,626,f_eature_u.sed,integr_ations,2025-09-06 13:24:37,NA
84 ,NA,.feature_used ,integ&rations,2025-08-11 02:23:25,NA
85,444,feature_used,NA,2025-07-27 11:09:08,NA 
86,NA,fe)ature^_used,ale(rts,NA,NA
87,NA,page_view,NA,2025-06-12 23:55:07,NA
88,534,feature_used,integration)s ,2025-06-02 01:47:16 ,NA
89,NA,feature_used,NA,2025-08-12 08:03:20 ,NA
90,380,feature_used,integrations,2025-10-20 15:15:22,NA
NA,NA,feature_used,alerts,2025-09-06 21:43:58,NA
92,475,featur)e_use_d,.alert#s,2025-08-15 22:40:02,NA
93,664,feature_used ,inte$grations,2025-09-14 19:09:34,NA
94,519,feature_u!sed,NA,2025-11-02 17:18:44,NA
95,196,(feature_used,aler!ts,NA,NA
96 ,704,feature!_used,integrations,2025-07-20 21:04:46,NA
97,NA,f.eature_us#ed,int*e$gra-tions,2025-06-09 05:33:26,NA 
98,NA,feature_us&e!d,alerts,2025-05-21 17:32:52 ,NA
99,611,fe$ature_use)d ,NA,2025-08-30 11:18:59 ,NA
100,666,FEATURE_USED,INTEGRATIONS,2025-10-11 08:00:56,NA
101,448,feat+ure_used,alerts,2025-07-25 21:55:36,NA
102,198,f_eature_us+ed,integrations,2025-09-28 05:09:01,NA
103,68,feature_$use@d,in.te#grations,NA,NA
104,131,f*eat^ure_used,al)erts,NA,NA
105 ,410 ,feature_used,integrations,2025-09-05 19:35:05,NA
106,353,feature_used,integrati.ons,2025-09-01 00:10:10,NA
107,365,featur)e_us%ed,alerts,2025-10-08 17:05:11 ,NA
108,235,feature_used,i$ntegratio*ns,2025-10-19 16:20:36,NA
109,179,page-_view ,NA,2025-10-02 13:27:11,NA
110,510,feature_used,inte@grations,2025-10-18 11:58:11,NA
111,444,pa^ge_!view,NA,2025-09-10 13:55:33,NA
112,642,f^ea*ture_used,i_n!tegrations,2025-07-02 04:06:46,NA
113,259,fe!ature_used,integrati_on^s,2025-09-04 09:50:43,NA
114 ,315,f)eature_used,alerts,2025-06-12 01:10:33,NA
115 ,648,feature_used,integ.rat!ion*s,2025-06-12 10:54:51,NA
116,612 ,fe_ature_used,integrations ,2025-06-06 11:29:35 ,NA
117,203,%page_view,NA ,2025-06-27 06:57:50,NA
118,NA,featur*e_u_s_ed,repo!rts,2025-07-29 08:19:35 ,NA
119,145,fea+ture_used ,al!erts,2025-05-24 21:59:48,NA
120,615,featu-re_u%sed ,alerts,NA,NA 
121,26,NA,INTEGRATI+ONS,2025-05-24 09:33:01,NA
122,654,feature_^used,^i^ntegrations ,2025-05-24 11:02:03,NA
123,702,fe$ature_u)sed,alerts,2025-09-09 01:42:55,NA
124,252,feature_-u#sed,integrati@ons,2025-09-08 12:36:13,NA
125,151,feat@ure_us(ed,integrations,2025-07-05 23:23:18,NA
126,182,feat#ure_(used,NA,2025-11-04 09:56:20,NA
127,392,feature_used,alerts,2025-08-07 15:06:56 ,NA
128,676,-feature_used ,dashb!oard ,2025-10-31 10:09:03,NA
129,38,featu%re-_u#se@d,NA,NA,NA
130,586,feat_ure@_used,alerts,2025-10-14 14:26:39,NA
131,NA,fea%ture_u^s_ed,NA,2025-05-29 15:02:22,NA
132,171,feature_used ,^i(ntegrations,2025-07-03 10:19:00 ,NA
133,569,login,_NA,2025-10-24 23:16:36,NA
134,209,FEATURE_USE(D,)AL#ERTS,2025-05-23 21:48:19,NA 
135,553,feature_used,alerts,2025-08-22 13:24:15,NA
136,399,NA,integrations,2025-08-07 13:54:30,NA
137,347,f.ea#t)ure_used,alerts,2025-07-17 20:27:28,NA
NA,689,pa$ge_view,NA,2025-10-22 07:07:34,NA
139,347,-feature_used,NA,2025-08-28 07:21:33,NA
140,252,feature_used,alerts,2025-06-05 01:01:54,NA
141 ,261,feature_used,da+shbo$ard,2025-09-12 03:46:33,NA
142,225,NA,integr_ati%on*s,2025-08-22 06:22:40,NA
143,NA,feature_used,integra+tions,2025-09-10 13:19:03 ,NA
144,189,fe)ature_!used,integrations ,2025-07-11 16:01:45,NA
145,420,fea-ture_used,a#lerts,2025-10-31 03:50:55 ,NA
146 ,287,feat.ure_use%d,integrations,2025-09-04 06:41:17,NA
147,363,(feature_used,alerts,2025-11-03 00:58:01,NA
148,NA,NA,ALERTS,2025-06-01 01:13:30,NA
NA,687 ,f@eature_used,a@le+rts,2025-10-11 10:19:09,NA
150,13,page_^view,NA,2025-07-10 22:52:21,NA
151,150,fe)ature_used,alerts,2025-08-18 10:04:37,NA 
152,686,fea&ture_us_ed,i#ntegrations,2025-06-19 00:53:32 ,NA
153,183,feature_used ,aler+t(s,2025-09-13 22:05:53 ,NA
154,NA,FEATURE_U^SED,_INTEGRATIONS,2025-09-04 03:36:01,NA 
155,67,feature_used,integrations,2025-11-01 04:39:43,NA
156,281,feat!ure*_used,al^er.ts,2025-07-01 10:27:11,NA
157,380,featur*e_used,integr*ati)ons,2025-07-05 12:07:40,NA 
158,666,feature_used ,a*ler_ts,NA,NA
NA,132,feature_u#sed,dash#boar^d,2025-08-26 21:29:10,NA
160,428 ,NA,NA,2025-06-03 14:20:37,NA
161,177 ,feature_used,alerts,2025-07-18 04:27:54,NA
162,221,feature_used,al(erts ,2025-05-20 18:51:40,NA
163,655,feature_us$ed,integrations,2025-06-26 22:41:24,NA
164,199,feature_used,dash(board,2025-08-13 04:57:30,NA
165,427,+lo@gin ,NA,2025-08-09 00:12:57,NA
166,355,f-ea%ture_used,integration.s,2025-10-16 04:35:59,NA
NA,453 ,fe$ature_used,alerts,2025-06-30 13:57:38,NA
168,26,fea-tur+e_us&e)d,integrat*ions,2025-09-24 21:27:31 ,NA
NA,545,NA,NA,2025-08-29 06:50:38,NA
NA,65,feat.u@re_used,i-ntegrati_on.s,2025-10-29 13:23:33,NA
171 ,599,NA,in.teg$rations,2025-05-20 23:40:41,NA 
172,458,fea&ture_used,dash+board,2025-07-08 19:02:15,NA
173,405,feature_used,NA,2025-06-10 00:27:21,NA
174,693,featur_e_us-ed,int_e+grations,2025-06-27 10:53:26,NA
175,338,feature_used,al@erts,2025-09-30 03:37:32,NA
176,17,feature_used,integra)tions,2025-09-26 20:32:51,NA
177,NA,NA,NA,2025-09-08 11:46:32,NA
NA,488,feature_used,re(ports,2025-10-25 16:26:18,NA
179,643,feature_used,integration*s ,2025-07-26 19:39:10,NA
180,46,fea%ture_use#d,alerts,2025-10-01 09:24:18 ,NA
181,442,$f@eature^_u!sed,integ*rations,2025-10-06 23:58:15,NA
182,682,page_view,na ,2025-08-05 01:45:45,NA
183,597,NA,INTEGR%A*TIONS,2025-10-20 14:44:17,NA
184 ,NA,feature_used,integr_ati@ons,2025-06-28 22:30:21 ,NA
185,591,feature_used,ale&rts,2025-10-13 10:02:12,NA
186,NA,feature_used,alerts,NA,NA
187,115,featu(re_(used,aler!ts,2025-09-25 22:35:06,NA
188 ,67,feat)ure_used ,integrations,2025-10-21 12:20:21,NA
189,NA,fea$ture_&used,NA,2025-09-05 23:10:21,NA
190,264 ,feature#_used ,reports,2025-08-26 01:37:06,NA
NA,173 ,feature_used,aler!ts ,2025-06-05 13:38:34,NA
192 ,351,FEAT$URE_USE@D,NA,2025-08-09 03:23:19,NA
193,646,featur(e_used,alert.s,2025-07-22 03:08:27,NA
194,65,feature_)used,alerts,2025-06-18 17:44:01,NA
195,468,feature_used,i_ntegra^tions,2025-08-28 11:46:29 ,NA 
196,NA,NA,NA,2025-08-18 00:15:05,NA
197,NA,feature_used,integr*ati@ons,2025-10-12 10:05:31,NA
198,8,login,NA,2025-09-21 02:01:25,NA
199,NA,feature_used,integrations,2025-07-29 23:33:42,NA
200,586 ,p(ag(e_-view ,NA,2025-10-23 20:19:49,NA
201,152,@feat&ure_u.s^ed,alerts,2025-07-31 23:38:23,NA
202,569,feature_used,^inte*grations ,2025-07-13 09:53:13,NA
203,507,NA,NA,2025-05-26 09:00:41,NA
204,399,F%EATURE_USED,ALERTS,2025-11-03 12:52:23,NA
205,53,fea)ture_us!ed,int#egrations,2025-06-25 20:02:15 ,NA
206,437 ,feature_-us#e_d,al$erts,2025-09-19 10:30:16,NA
207,102,f(eature_used,reports,2025-09-28 15:49:09,NA
NA,34 ,fe(at^ure_use+d,in$tegrations,2025-10-18 21:40:32,NA
209,475,fe(atur^e_used,NA,2025-10-08 13:44:27,NA
210,429,featur@e_@u)se-d,NA,2025-05-28 23:26:26,NA
211,708,p^age_v%iew,NA,NA,NA
212,234,fea.ture_used,alerts,NA,NA
213,635,fea-tu&re_u^sed,alerts,2025-11-04 22:23:55,NA
214,302,NA,alerts,2025-09-19 22:15:23,NA
215,81,feature_used,alerts,2025-10-29 11:11:22,NA
216,558,feature!_use&d,integrations,2025-09-16 17:44:44,NA
217,442,feature_us&ed,alerts ,2025-08-27 19:26:05,NA
218 ,318,feature_used,integratio@ns,2025-08-20 02:10:55,NA
219,403,@fea+ture_used,NA,NA,NA
220,231,feature_us!ed,alerts,2025-09-02 23:34:48,NA
221,271,featur#e_used,NA,NA,NA
NA,121 ,featu#re_use%d,ale_rts,2025-09-13 16:54:43,NA
NA,78,page_)view,NA,2025-06-17 13:54:21,NA
224,615,feature_used,ale_rts,2025-06-13 09:30:10,NA
225,341,feature_used,NA,2025-06-22 13:53:43,NA
226 ,111,featu*r^e_used,in&t(egrations,2025-06-30 22:33:16,NA
227,461,fe_ature_used,integrati)ons,2025-09-13 05:16:06,NA 
228 ,417,feature_u&sed,alerts,NA,NA
229,470,NA,ALERTS,2025-09-01 15:25:47,NA
230,259,NA,_alerts,2025-09-12 23:15:51,NA
231,485 ,feature_u(sed,NA,2025-08-03 06:28:56,NA
232 ,285,featu(re_used,alerts,2025-09-06 04:09:44,NA
233,88,FEATURE_USED,I*NTEGRATIONS,2025-09-18 05:04:04,NA
234,584 ,feature+_used,in%tegrations,2025-05-31 18:56:28,NA
235,627,feature_used,alert%s,2025-10-03 02:58:47,NA
236,211,feature_used,in+tegra%tions,NA,NA
237,615,^feature__use.d,alerts,2025-08-24 06:58:02,NA 
238,594 ,feature_used,integrations,2025-10-25 00:14:12,NA
239,551,feature_.used,alerts,2025-09-01 12:43:46,NA
240,377,feat#ure_used,int%egrations,NA,NA 
241,NA,feature_used,integrati^ons,2025-06-05 14:01:06,NA
242,424,feature#_use%d,NA,2025-08-31 06:08:14,NA
243,48,fea%ture_used,NA,2025-09-30 15:28:28,NA
244,NA,FEATURE__USED,EXPER@IMENTS,2025-10-26 03:01:31,NA
245,621,featu^re_u_sed,integ+rati_ons ,2025-07-30 09:22:21,NA
246,347,f+eature_used,-alerts,2025-06-30 18:27:23,NA
247,663,feature_used,NA,2025-11-04 04:13:32,NA
248,708,featu(re!_used,alerts,2025-09-18 18:54:05,NA
249,631,fe!ature_used,integrations,2025-08-10 17:53:23,NA
250,600,feature_used,integ#rations,2025-07-15 18:40:11,NA
251,443,f!eat%ure_used,inte+grations,NA,NA
252 ,354,feature_us-ed,integrations,2025-11-07 23:46:21,NA
253,71,feature_used,in+teg.rations,2025-08-25 08:51:36,NA
254,685,fea!ture_used,alerts,NA,NA
255,21,f^eature_used,aler@ts,NA,NA
256,592,-featur#e_%use&d ,^alerts,2025-07-21 01:48:55,NA
257 ,433,fea+ture@_used,aler_ts,NA,NA 
258,571,feature_%used,in&teg*ration)s,2025-10-02 04:09:49,NA
NA,410,NA,int.egrations,2025-06-04 16:06:19,NA
260,131,f*eature_used,integra#tions,2025-10-09 22:11:11,NA
261,371 ,f+eat-ure_us$ed,alerts,2025-06-06 15:58:24,NA
262,98,feat)ure_u^sed,ale$rts,2025-06-29 09:40:09,NA
263,248,page_view,NA,2025-11-02 15:04:08,NA
264,60,NA,alerts,2025-06-26 00:38:50,NA
265,198,f#eatu#re._used,alerts ,2025-08-21 05:18:18,NA
266,398,feature_used ,alerts,2025-07-21 16:08:13,NA
NA,601,NA,alerts,2025-06-30 07:44:38,NA
268,480,login,NA,2025-08-03 23:12:07,NA
269,498,featu+re_used,int!egration@s,2025-09-01 11:37:05 ,NA
270,NA,fea)ture_u&sed,al^er@ts,2025-10-25 08:12:17,NA
271,703,NA,INTEGRATION-S,2025-09-01 04:39:36,NA
272,492,feature_u-se^d,NA,2025-09-18 20:32:09 ,NA
273,608 ,FEATURE_US$ED,ALERTS,2025-06-16 23:44:16,NA 
NA,486,feature#_used,alerts,2025-08-03 09:55:10,NA
275 ,539,feature_*used,NA,2025-06-22 20:28:09,NA
276,295,feature_used,integ)rations,2025-09-15 10:18:10,NA
277,80,featu*re_used,alert.s ,NA,NA
278,497,feature@_used,alerts,2025-10-22 18:29:34,NA
279,572,.featur)e_use^d,integrations,2025-07-14 15:22:22 ,NA
NA,576,$feature_used,integr)ations,2025-08-26 22:06:32,NA
281 ,556,FEATURE_U#SED,INTEGRATIONS,2025-09-18 02:48:15,NA
282,68,feat*ure_us!ed,integrat&io#ns ,2025-06-02 04:37:10,NA
283,411,feature_used,NA,2025-10-24 02:54:08,NA
284,81,fe$ature_used ,*alerts,2025-09-10 04:08:21,NA 
NA,445,f$eature_used,^alerts ,2025-07-06 14:37:55,NA
286,530,feature_used,integra_tions,2025-06-21 08:36:28,NA
NA,612,feature_-used ,in+tegra@tio%ns,2025-06-15 09:10:52,NA
288,602,featur^e_!used ,integrat_ions,2025-07-25 09:58:09,NA
289,264,feature_used,reports,2025-08-12 04:22:53 ,NA
290,529,NA,integrat$ions ,2025-10-18 02:33:40,NA
291,55,feature_used,alert-s,NA,NA
292,174,feature_u#s)ed,alerts,2025-09-20 02:41:36 ,NA
NA,366,fe^at@ure_use@d,alerts,2025-07-31 23:19:11,NA
294,493,f@eatu&r+e_us)ed,alerts,NA,NA 
295,704,feature_us&ed,integrations,2025-06-16 15:59:47,NA
296,657,login,NA,2025-08-23 07:46:31,NA
297,511,fe)at.ure_used,integra%tion_s,2025-08-08 07:06:44,NA
298,362 ,feature&_used,ale.rts ,2025-10-01 14:52:15,NA
299,NA,f!eat$u(re_used,integrations,2025-11-07 20:18:26,NA
300,469,fe@ature_us%ed,alerts,2025-07-14 22:05:13,NA
301,178,fea.ture_used,integrati%on^s,2025-05-27 12:42:58,NA 
302 ,601,feature_u-sed,alerts,2025-10-07 19:58:35,NA
303 ,181,login,NA,NA,NA
304,NA,feature_*used,alert.s,2025-05-28 09:40:01 ,NA
305 ,65,NA,i)nteg*rations,2025-06-06 10:17:03,NA 
NA,168 ,featur+e_used,i@ntegrations,2025-06-01 06:37:25,NA
307,346,fea-ture_u%sed,integ@rations,NA,NA 
308,407,feature_used,alerts,2025-06-04 15:22:23 ,NA
309,33,NA,a!lerts,2025-08-05 06:06:19,NA
310,NA,f+eature_u_sed,integrations,2025-08-19 23:34:10,NA
311,288,fe@at_ure_)used,alerts,2025-06-28 11:08:37,NA
312,41,fea(tur)e_used,integrations,2025-08-23 03:58:30,NA
313,NA,!f&eature__used,integra#tions,2025-09-29 11:19:39,NA
NA,122,feature+_used,integrat+ions,2025-10-02 14:51:17,NA
315,626,featu!re_used,aler+ts ,2025-08-18 15:10:19,NA
316,532,NA,in_tegrations ,2025-07-13 12:50:06,NA
317,NA,feature_used,reports,2025-06-27 00:59:02,NA
318,378,pa*ge_view,NA,2025-10-06 10:41:48,NA
319,627,feat)ure_us&ed,al-erts,2025-06-11 19:28:34,NA
320 ,9,NA,alerts,2025-06-18 02:24:51,NA
321,496,feat-ure_used,integra^tions,2025-10-15 21:26:24 ,NA 
322,706,NA,ALERTS,2025-10-14 14:22:04,NA
323,497,f*ea(ture_used ,dashboard ,2025-06-21 22:23:49,NA
324,561,$feature_used,in%tegrations ,2025-08-10 09:13:46,NA
325,586,%fe&ature_u$sed,int$egrations,2025-06-06 22:36:28 ,NA
326,693,fea-t!ure_used,al!erts ,2025-06-21 10:33:47,NA
NA,498 ,fe.atu-re_used,NA,2025-11-02 13:45:40,NA
328,12,featur@e_+use_d,NA,2025-06-30 04:22:15,NA
329,NA,feature_us.ed,aler+ts,2025-09-30 21:51:12,NA
330,329 ,feature_used,integrations,2025-05-29 15:56:13 ,NA
331,352,FEATURE_USE+D,INTEGRATIONS,2025-09-27 15:07:10,NA
332,399,NA,integrations,2025-09-10 18:08:41,NA
333,332,FEATURE%_^USED,NA,2025-09-23 09:15:38,NA
334,440,feature_used,ale%rts,2025-10-12 07:53:09,NA
335,336,feature_used ,int%egrations,2025-08-30 16:32:52,NA 
NA,345,fea-t*ure._us#ed,alerts,2025-11-03 12:23:19,NA
NA,2,pag%e_vi@ew,&NA,2025-08-26 23:58:07,NA
338,637,feature_used,ale.r-ts,2025-06-10 00:19:29,NA
339,NA,featur!e&_used,alerts,2025-06-27 10:31:26,NA
340,250,fe+ature_u%se-d,i%ntegrations,2025-11-07 20:41:52,NA
341,553,feature_used,alerts,2025-06-01 22:33:48 ,NA
342,63,^featu^re_used,alerts,2025-10-27 22:05:00,NA
343,116,feature_u$sed,integ!rati)ons,2025-08-13 10:36:25,NA
344,564,NA,alerts,2025-10-01 21:20:26,NA
NA,337,feature_used ,aler$ts,2025-07-08 02:05:52,NA
346,676,FEATURE_USED,ALERT*S,2025-07-04 02:42:06,NA
347,300,NA,integrations,2025-05-28 10:14:22,NA
348,163,fea.ture_used,integration+s,2025-08-21 14:30:27,NA
349,609 ,feature^_used,alerts,2025-11-06 12:42:11,NA
350,94,+feature-_used,int$eg-rations ,2025-11-04 08:46:44,NA
351,161 ,feat_ure_used ,alerts,2025-05-23 23:21:49,NA
352,612,feature_used,alerts ,2025-06-08 06:05:09,NA
353 ,547,feature_u$sed,NA,2025-06-12 01:59:34,NA
354,239,feature_used,(integrations,2025-09-10 00:15:41,NA
355,71,feature$_used ,NA,NA,NA
NA,71,f)eature_us$ed ,NA,2025-05-21 17:26:19,NA
NA,228,fea%ture_used,a+lerts,2025-10-06 23:21:48,NA
358,416,featur$e._us+ed,integ@ratio$ns,2025-05-28 14:02:11,NA
359,78,feat(ure_)used,inte#grations,2025-10-21 02:11:19,NA
360,344,feature_us!ed,alerts ,2025-07-29 05:56:37,NA
361,28,(feature_used,NA,2025-07-25 23:36:59,NA
362,568,feature_used,alerts,2025-05-28 15:52:12,NA
363,49,f+e*ature_used,i-ntegrations,2025-10-22 04:12:32 ,NA
364 ,48,fe^ature_us-e.d,alerts,2025-07-15 09:04:27,NA
365,NA,F_EATUR.E_USED,ALERTS ,2025-07-10 02:27:21,NA
366 ,NA,fea@ture*_used,alert.s,2025-07-10 13:14:39,NA
367,580,feature_@used,integrat)ions,2025-06-21 22:44:16,NA 
368,436 ,fe_ature_used,a!le)rts,2025-06-10 21:40:34,NA
369,NA,feat(ure_used,ale#rts,2025-08-09 05:21:02,NA 
370,222,*feature_used,.reports,2025-06-25 22:16:31,NA
371,437,fe^ature_used,ale^rt%s,2025-11-07 21:14:30,NA
NA,691,feature_used,inte)grations,2025-08-06 17:53:05,NA
373,247,f.eature_@u+sed,alerts,2025-06-10 08:54:20,NA
NA,273,fe^atu&re_used,.inte)grations,2025-09-03 19:10:34,NA
375,25,fe.ature*_used,alerts,2025-08-02 16:30:11,NA 
376,353,f.eatu#re_used ,aler%ts,NA,NA
377 ,32,fe.ature_use-d,ale_rts,2025-09-14 14:56:01,NA
378,NA,feature_used,alerts,2025-10-29 10:13:37,NA
379,332,featur)e__used,al)er_ts,2025-11-11 06:22:13,NA
380,322,feature_used ,a.lerts,2025-08-12 15:53:50,NA 
381,312,fe!atur$e_u#s-ed ,alerts,2025-10-16 21:27:52,NA
382,474,fea$ture_u*sed,NA,2025-07-26 00:30:29,NA 
383,619,fea*t$ure_used,alerts,NA,NA
384,248,feature_+u#s&ed,alerts,2025-11-08 22:48:06,NA
385,608 ,NA,alerts,NA,NA
386,552,fe$ature_^us#ed,NA,2025-06-17 11:10:21,NA
387,373,NA,integr!ation!s,2025-08-31 05:53:40,NA
388,294,feature_used ,alerts,NA,NA
389,35,feature_use!d,alerts,2025-06-04 23:39:43,NA
390,553,feature_(us&ed ,NA,NA,NA
391 ,25,featu+re_used,&integrations,2025-07-10 18:10:43,NA
392,442,NA,alerts,2025-09-08 15:25:36,NA
393,624,FEAT&URE_USED,INT&EGRATIONS,2025-06-20 19:27:34,NA
394,25,fea-t#ure_used,alerts,2025-10-14 22:06:18,NA
395,554,NA,integrations,2025-10-08 14:55:24,NA
396,70,fe^ature_used,NA,2025-07-11 16:32:58,NA
397,373,feat-ure_used,ale+r-ts,2025-05-21 13:04:24,NA
398,29,fe$ature_used,i!ntegrati+ons,NA,NA
399,40,+fe#a+ture_@used,integrat-ions,2025-09-11 22:22:50,NA
400,NA,NA,ale_rts,2025-08-19 05:39:53,NA 
401,NA,fe&ature@_used,(reports ,NA,NA
402,48,feature_used,NA,2025-07-06 08:17:11,NA
403,278,feature@_u_sed,alert.s,NA,NA
404,413,fe)ature_used,alerts,2025-08-04 08:14:06,NA
405,498,feature_used,al*ert%s,2025-09-04 13:12:11,NA 
406,356,fe&ature_used,$in*teg_rations,2025-08-16 20:08:10,NA
407,233,feature_us_ed,$alerts,2025-07-09 03:55:11,NA
408,681,fea_t)ure_used,integrations,2025-06-06 00:07:55,NA
409 ,383,feat*ure_used,alerts ,2025-09-27 00:22:31,NA
410,293,feature_used,integrations,2025-07-19 06:13:03,NA
NA,454,feature_used,alerts ,2025-06-20 23:07:54,NA
412,143 ,feature_used ,integrations,2025-07-02 16:21:35,NA
NA,273,feature_u+se%d,*reports ,2025-09-12 14:22:16,NA
414 ,443,feature_u&sed,alert%s,2025-10-15 11:45:40,NA
415,698,feature_us^ed,NA,NA,NA
416,130,feature_u+sed,a+le.rts,2025-10-17 08:11:38,NA
417,103,NA,integ#ratio.ns,2025-09-21 04:53:52,NA
418,116,fe%ature_used,integrations,2025-05-24 20:39:17,NA
419 ,165,feature_used,alerts,2025-07-15 02:37:54,NA
420,229 ,feature_used,NA,2025-09-27 12:27:24,NA
NA,209 ,NA,alerts,2025-05-30 06:03:13,NA
422,428,feature_&used,integrations,2025-06-24 23:11:23,NA
423 ,568 ,NA,inte)grations,2025-11-06 02:06:16,NA
NA,434,f)eature_.used,alerts,2025-06-17 03:32:41,NA
425,557,feature_used,+alerts,2025-06-22 22:35:06 ,NA
426,NA,feature_used,a)lerts ,2025-07-30 02:20:34,NA
427,NA,featu&re&_use(d,alert.s,2025-11-01 20:36:15,NA
428,NA,NA,alerts,2025-06-15 11:33:11,NA 
429,635,#f*eatur)e_used,integrat(ions,2025-05-20 23:05:06,NA
430,419,fe&atu_re_used,alerts,2025-06-09 03:33:44 ,NA
431,210,feature_us#ed ,integrati$ons,2025-09-01 10:33:07,NA
432,NA,fe*ature_used,NA,2025-07-19 11:00:50,NA
433,26,_feature*_u*se-d,alerts,NA,NA 
434,248,featu*r_e_used,NA,NA,NA
435,253,fea_ture_^us%e*d,alerts,2025-06-23 18:04:19,NA
NA,396,feat+ure_used,alerts,2025-09-27 23:01:03,NA
437,189,feature_used,NA,NA,NA
NA,NA,feature_us_ed,#ale#rts,2025-10-27 16:29:56,NA
439,140,feat^u^re_u(s-ed,integr$ations,2025-08-04 17:40:02,NA
440,424,feature._used,(al+erts,2025-09-10 00:55:29,NA
441,152,NA,integrations,2025-10-08 01:35:29,NA
442,463,f#eature_used,i@n+tegrations,2025-05-22 09:34:45,NA
NA,NA,fe$atu-re_used,alert!s,2025-09-15 21:26:42,NA
444,NA,feature_used,aler%ts,2025-08-09 13:39:55,NA
NA,211,FEA&TU$RE(_USED,NA,2025-09-22 19:45:20 ,NA
446,644,feature_used,integrations ,2025-06-23 11:38:26 ,NA
447,275,NA,reports,2025-07-29 16:24:19,NA
448,121,f$ea^ture_used,alerts,2025-05-22 18:42:35,NA
449,NA,feature_used,NA,2025-07-11 22:31:29 ,NA
450,326,feat&ure_us!ed,integratio#ns,2025-07-29 01:49:00,NA
451,505,.FEATURE%_U#SED,ALERTS,2025-07-30 01:37:47,NA
452,310,feature_used,a-l$erts,NA,NA
NA,238,fe^a(ture_used,integrat_ions,2025-09-30 09:43:31,NA
454 ,373,feature_$us!ed,integrat^ions,2025-09-24 02:47:27,NA 
NA,280,fea(tur(e_use(d,alerts,2025-06-13 01:12:45,NA
456,316,FEATURE_USED,ALER)TS,2025-07-13 00:35:23 ,NA
457,558,FEATURE_USED,ALERTS,2025-09-06 10:00:12,NA
458,322,feature_used ,integrations,2025-07-24 15:15:26 ,NA
459,90 ,fe^ature_used,*ale#r*ts,2025-10-13 07:01:29,NA
460,546,feature_@used,integ(rations,2025-09-05 01:51:50,NA 
461,555,NA,reports,2025-07-29 05:42:35,NA
462,558,fea_ture_used,ale+rt.s,2025-05-28 14:24:19,NA 
463,505,feature_used,)aler@ts,2025-07-19 07:04:16,NA
464,479,feature_used,integrations,2025-10-02 10:19:32,NA 
465,499,feat(ure_.used,alerts ,2025-10-08 08:55:42,NA
466,220,NA,integr-ations,2025-07-24 05:29:04,NA
467,632,FEATURE_USED,INT.E-GR*ATIONS,2025-07-09 16:14:32,NA
468,126,feature_used ,alerts ,2025-07-11 14:49:37,NA 
469,25,f#eature_use(d,NA,2025-08-21 22:28:49,NA
470,293,feat&ure_used,alerts,2025-10-16 00:35:12,NA
471,617,feature_u@sed ,ale&rts,2025-10-11 06:34:45,NA
472,687,feature_used,integration#s,NA,NA
473,162,feature_us&ed,int&egrations ,2025-09-28 16:47:55 ,NA
474,416,NA,alerts,2025-09-14 21:52:03,NA
475,317,featur$e_used,NA,2025-11-02 20:42:55,NA
476,448,feature_used,integrations,2025-09-07 03:13:31,NA
477,324,feature_used,aler&ts,2025-06-22 16:52:11,NA
478,93,feature_used,re@port*s,2025-07-04 03:58:19,NA
NA,167,NA,a_ler_ts,2025-08-21 08:49:40,NA
480,NA,feature_used,i*nt^egrations,2025-06-20 01:30:13,NA
481 ,246,feat$ure_used,alerts,2025-10-03 07:45:08,NA
482,319,NA,aler.ts,2025-07-19 21:52:58 ,NA
483,187,NA,NA,2025-08-27 07:12:46,NA
484,225,fe-ature_used,_integrations,2025-06-12 11:32:25,NA
NA,613 ,feature_used ,NA,2025-08-02 06:00:35 ,NA
486,575,feature_used,ale$rts,2025-06-20 15:28:42,NA
487,694,f)eatur.e_use#d,alerts,2025-08-24 15:40:32,NA 
488,287,feature_us.ed,NA,2025-08-22 13:42:02,NA
489,338 ,feature_used,alerts,2025-10-13 19:05:53,NA
490,299,feature_used,integratio#ns ,2025-09-09 18:27:29,NA
NA,687,FEATURE_U#SED,NA,2025-08-25 04:05:53 ,NA
492,376,(feature_used,NA,2025-06-29 19:11:17,NA
493,180,f#eature_used,_a*l+ert+s,NA,NA
494,490,FEATURE!_USED,INTE@GRATIONS,2025-07-31 14:06:00,NA
495,628,feature_used,_alerts,2025-08-29 16:35:44,NA
496,667,FEATURE_USED,INTEGRATI$ONS,2025-08-27 11:49:12 ,NA
NA,554,feature_used ,alerts,2025-08-02 16:31:52,NA
498,527,fea@ture#_use_d ,alerts,2025-08-26 18:39:46,NA
499,15,_fea*ture_used,NA,2025-05-24 06:27:34,NA
500,180,featur&e_used,alerts,2025-07-29 03:32:46,NA
501,NA,NA,alerts,2025-10-28 15:04:39,NA
502,442,feature_used,alerts,2025-10-29 03:32:31,NA
503,625,feature_u&se*d ,a#le@rts,2025-10-16 14:35:12,NA
504,586,featur^e_used,integrations,2025-09-25 06:57:29,NA
NA,402,featur_e_used,integr#ations,2025-08-28 01:02:58,NA
506,675,feature_use%d,integra^tions,2025-08-18 20:11:05,NA
507,NA,f$eature_&used ,+aler^t@s,2025-11-07 22:58:37,NA
508,373,featu$r+e_use@d,int^egratio*ns,2025-08-14 17:52:09 ,NA
509,666,feature_used,alerts ,2025-07-24 04:01:36,NA
510,367 ,feature_used,integrations,NA,NA
511,701,_feature_use&d,integrations,2025-08-09 23:54:39,NA
512,422,feature_used,alerts,2025-07-13 10:42:53,NA
513,207,$feature_used,alerts,2025-09-24 21:26:13,NA 
514,237,fe@ature_used,a^lerts,2025-07-30 14:56:33,NA
515,304,feature_used ,integrations,2025-07-11 07:35:54,NA
516,293,fe)ature_u@sed,i-n_tegrations,2025-07-04 18:45:41,NA
517,281,feature_used,integrations,2025-09-26 04:27:05,NA
518,396,feature_used,^in_te(grations ,2025-11-02 14:06:11,NA
NA,625,fe*ature_used,.int*e&grations,NA,NA
520,81,fe@atur$e_used,alerts ,2025-07-11 16:27:23 ,na 
521,NA,#feature_used,ale*rts,2025-09-16 14:57:31,NA 
522,525 ,feat-ure_used,int-eg-rations ,2025-09-07 13:24:20,NA
523,561,_feature_use@d,NA,2025-06-10 23:52:17,NA
524,280,f-eature_@us(ed,alert&s,2025-08-08 08:32:20,NA
525,328,f+eature_used,ale_r^ts,NA,NA
526,148,feature_u+sed ,alerts ,2025-07-24 12:48:02,NA
527,102,feature_used,NA,2025-10-26 02:39:11,NA
528,184,feature_use#d,alerts ,2025-08-29 01:58:55,na 
529,334,fe#ature_used,integr$at#i-ons,2025-06-28 07:31:05,NA
530,NA,%feature)_u^se%d,a%lerts,2025-09-19 14:09:51 ,NA 
NA,164,f^eature._used,NA,2025-07-16 07:14:31,NA
532,662,feature_used,alerts,2025-09-24 22:40:13,NA
NA,514,feature_used,alerts,2025-10-20 16:06:38,NA
NA,548 ,feature_used ,(alerts,2025-08-02 02:10:34,NA
535,476,NA,alerts,2025-07-06 21:04:41 ,NA
536,57,feature_used,ale.rts,2025-09-03 20:56:23,NA
537,682 ,feature_us*ed,integrations,2025-08-25 01:14:26,NA
538 ,674,feature_use)d,*alerts ,2025-09-20 04:09:01,NA
539,91,feature_used,alerts,2025-07-28 18:23:48 ,na 
540,549,feature_(used,inte!grations,2025-09-27 02:37:33,NA
541,612,NA,aler-t#s ,2025-06-30 10:22:09,NA 
542,500,feat)ure_used,rep-ort+s ,2025-09-26 06:40:55 ,NA
543,607,fe!atur!e_used,(int^egr.ations ,2025-10-07 18:34:05,NA
544,137,NA,alerts,2025-10-28 01:00:14,NA
545,695,NA,alerts,2025-08-16 20:47:41,NA
546,NA,FEATURE%_USED,ALE@RTS,2025-07-09 05:33:42,NA
547,238,feature_used,aler.ts,2025-05-24 10:22:18,NA
NA,345,f+eature!_$used,integrations,2025-09-25 03:40:36,NA
549,597,featu_re_us)e-d,a(ler)ts,2025-08-07 09:02:09,NA
550,NA,feature_used,NA,2025-06-21 03:46:30,NA
551 ,41,-fea-ture_used,a%l_erts,2025-06-08 13:52:11,NA
552,460 ,feature_used,ale*rt*s,2025-09-03 01:58:12,NA
553,114,featur@e_used,&int$egrations,2025-06-29 02:47:42,NA
554,606,feature_us(ed,ale&rts,2025-08-19 17:38:29,NA
555,421,feat^ure@_u+sed ,alerts ,2025-10-22 15:55:55,NA
556,400,featur+e_!us%ed,integrations,2025-07-18 11:04:20,NA
557,55,featu_re_used,-alerts,2025-10-01 08:41:42,NA
558,358,feature_used,alerts,2025-09-17 07:03:42,NA
559 ,567,feature_used,integra$tions,2025-08-16 06:33:59,NA
560,520 ,feature_us^ed,a%lerts,2025-08-30 00:10:17 ,NA
561 ,393,f@eat*ure_used,&alerts,2025-09-07 09:34:49,NA 
562,93,featur_e_us%ed,i-ntegrations,NA,NA 
NA,10,feature._us#e@d,NA,2025-11-08 16:08:06,NA
564,531,f!ea&ture_used,integ!rat*ions,2025-09-22 15:30:19,NA
565,166,FEAT_URE_USED,AL$ERTS,2025-06-15 04:52:27,NA
NA,677,feature__us.ed,alerts ,2025-06-13 04:37:49,NA
567,453 ,feature_used,integ*rations,2025-09-07 12:02:08,NA
568,102,feature_used,alerts,2025-08-22 09:23:39 ,NA
569,246,feature_used,in*tegrations,2025-07-06 09:46:23,NA
570,218 ,featur*e_used,NA,2025-11-11 00:54:40,NA
571,529,f+eature_used,alert$s,2025-08-19 22:01:58,NA
572,189,feature_used,integr%a_tions ,2025-08-10 11:27:38,NA
573,NA,f#e_ature_us!ed ,a%lerts,2025-08-13 11:37:58,NA
574,351,feature_used,a^lerts,NA,NA
575,295,feature_use(d,alerts,2025-06-30 23:32:41 ,NA
576 ,396,feature#_used,in.tegra!tion*s,2025-09-03 09:30:43,NA
577,284,fea.ture_used,ale_rts,2025-07-20 01:36:45,NA 
578,569,feature_used,al^erts,NA,NA
579 ,286,feature+_&used,integrat)ions,2025-06-22 18:16:26,NA
580,591 ,fea#ture!_used,alerts,NA,NA
NA,254,feature_(used,alerts,2025-10-25 22:13:01,NA
582,440 ,fea_ture_us(e#d,@integrations,2025-07-06 21:19:32,NA
NA,NA,fe#atur#e_u$sed,integrations,2025-06-09 12:29:16,NA
584,65,(featur-e_u)sed,a%lerts,2025-09-22 16:30:52 ,NA
585,210,)feature_used,alerts ,2025-06-16 22:15:16,NA 
586,64,feature_#u!s#ed,alerts,2025-06-11 00:15:41,NA 
587,138,feat)ur_e_used,in.tegrations,2025-07-18 05:17:11,NA
588 ,537,feature_used,NA,2025-07-09 12:14:18,NA
589,117,feature_use^d ,aler!ts,2025-05-20 22:37:21,NA 
590,442,feature_us^ed,in_t$egrations,2025-10-06 13:45:13,NA
591 ,112,feature_used,in+tegrations,2025-05-31 00:39:43,NA 
592,319 ,fea&ture__used,alerts,NA,NA
593,524,featur_e_*us!ed,+alerts,2025-07-08 09:28:01,NA
594,NA,NA,integrations,2025-08-04 13:02:54,NA
595,557 ,feature_used,alerts,2025-06-22 02:46:43,NA
NA,577,NA,alerts ,2025-07-24 02:51:28,NA
NA,97,feature_used,alert_s,2025-06-24 06:33:21,NA
598 ,180,featu^r%e_us+ed,integrati-ons,2025-09-29 02:38:03,NA
599 ,164,+feature_used,a)le(rts,2025-06-12 14:48:39,NA
600,234,feature__used,+repo^rts,2025-06-08 08:44:27,NA
NA,267,feature_use+d,alerts,2025-10-22 07:44:01,NA
602,330,feature_-used,a(ler!ts,2025-06-20 12:48:50,NA
603 ,670 ,fea%ture_use)d,integ)rations ,2025-07-30 19:09:46,NA
604,699,fe%atu$re_used,integrations,2025-07-13 07:31:23,NA
605,598 ,FEATURE_US_ED,ALERTS,2025-07-02 16:58:02,NA 
606,422,fe%ature_used,alerts,NA,NA
607,67,feature_use.d,alerts,2025-08-29 04:34:37,NA 
608,143,fea#ture_u#se&d,NA,2025-09-09 17:15:49,NA
609,375,feat%ure_$use+d,al*erts,2025-07-01 05:53:56,NA
610,NA,fea&ture_used,alerts,2025-06-17 16:36:59 ,NA
611,698,featu$re_used,a+lerts,2025-06-19 11:22:04,NA
NA,107,feature_used,alerts,2025-10-20 15:03:32,NA
613,423,fea@tu*re_used,integrat(ion(s,2025-10-19 20:25:38,NA
614,5 ,feature_used,in.tegrations,2025-06-23 00:39:26,NA
615,77,f-eature_use%d,integration#s ,2025-05-24 05:02:19,NA
NA,310,fea(ture_+used,integr)ati*ons,2025-09-07 10:44:23,NA
617,447,feature%_used,a_lerts,2025-05-22 10:03:36,NA
618 ,689,fea%ture_u$sed,aler%ts ,2025-08-21 12:48:06,NA
619,263,feature_u#sed ,%in.teg*rations,2025-07-30 11:39:21,NA
620,69,fe.ature_used,integrations,2025-07-25 14:23:04,NA
621,693 ,feature_used,+integrat-ions,NA,NA
622,693,#f-eatu@re_used,alerts,2025-07-06 11:30:56,NA
623,643,NA,int.egrations,NA,NA
624,344,feature_used,a-lerts ,2025-10-20 09:10:12,NA
625 ,591,FEATURE_USED,NA,2025-07-31 04:34:10,NA
626,25,feature_used,int+egr*ations,2025-07-01 19:36:27,NA
627,216,feature_used,a$lerts,2025-06-23 11:35:54,NA 
628,NA,$f)eat-ure_used,ale)rt.s,2025-08-15 16:14:10,NA
629,542,feature_used,alerts,2025-08-20 12:10:19,NA
630,356,feature_used,int!egrations ,2025-07-21 20:40:29,NA
631,173,feat$u%re_used,alert@s,2025-07-13 16:13:46 ,NA
632,510,feature_used,NA,2025-07-12 18:10:53,NA
633 ,608,feature+_used,_alerts,2025-09-13 23:19:47 ,NA
634,138,feat$ure_used,integrati#ons,2025-09-27 12:33:01,NA 
635,182,^featur_e_used,integrat*ion@s,2025-10-14 18:03:31,NA
636,201,NA,#al.erts,2025-07-18 23:46:37,NA
637,152,fea!ture_used,i&nte#grations,2025-09-02 11:34:23,NA
NA,221,feat_ure_used,alerts,2025-09-25 23:52:38,NA
639,601,feature_us^e+d,alerts,NA,NA
640,56,FEATURE_US*ED ,ALERTS,2025-08-27 17:35:47,NA
NA,591,feature_used,in#tegr*ation%s,2025-09-08 21:40:05,NA
642,454 ,f&ea+ture_u!sed,integrations,NA,NA 
NA,81,feature_used,integr$ations,2025-06-13 11:04:37,NA
644,101,feature@_used,al)er.ts,2025-11-06 13:37:00,NA
NA,89,feature_used,NA,2025-07-11 10:34:20,NA
646,489,feature_used,^dashboard,NA,NA
647,603,f^eatu(r!e_us(ed,%al)erts,2025-05-30 08:39:35 ,NA
648,604,NA,NA,2025-10-30 23:25:20,NA
649,219,fe@atur$e_used,@alerts ,2025-06-28 18:21:57,NA
650 ,707,feature_used ,inte$grations,2025-06-03 02:35:06,NA
651,616,fe)ature_u.sed,alerts,2025-09-21 01:13:10,NA
652,421,FEATURE_USED,NA,2025-09-05 14:12:05,NA
653,79,feature_u%s(ed,integrations,2025-05-29 18:05:14,NA
654,93,featu.re_used ,alerts,2025-10-02 01:42:27,NA
655,62,fe$ature_used,alerts,2025-09-25 22:13:41 ,NA
656,512,feature_u_sed,integrations,2025-09-06 17:33:06,NA 
657,532,FEATU.RE_USED,ALERTS,2025-09-11 08:48:23,NA
658,157,featu-re_u.sed,a)lerts,2025-08-11 17:55:18,NA
659,598,feature_used,+alerts,2025-07-26 00:41:51,NA
660,673,feature._used,integrations,2025-08-29 08:36:23,NA
661,105,feature_used,integrations,NA,NA
662,321,%fea(ture_used,alerts,NA,NA
663,308,NA,integrations,2025-07-25 02:18:17,NA 
664,620,featu!re_used,in*tegrations,2025-08-14 11:13:15,NA 
665,215,f$eature_used,!i)n*tegrations,2025-09-01 12:33:29,NA
666,552,fe&ature_used,in!tegra-tions,2025-09-12 01:19:21,NA
NA,276,+featur&e_used,@aler*ts,2025-07-22 23:32:03,NA
668,652,featur$e_used,alerts,2025-06-23 17:55:18,NA
669,NA,fea-tur!e_used,alerts ,2025-08-20 02:44:26,NA
670,142,featu^re_used,alerts,2025-06-30 09:58:31,NA
671,572,f&eat-u(re(_u!sed,al+erts,2025-05-23 03:07:10,na 
672,660,f#eature_u$s@ed,integrat(ions,2025-08-13 04:01:52,NA
673,16,feature_used,alerts ,2025-07-29 13:26:57,NA
674,366,f^eature_used,NA,2025-07-06 04:25:04,NA
675,386,!featur.e_used,alerts,2025-06-08 23:37:45,NA
676,596,#feature_u.sed,alerts,2025-07-22 09:04:36,NA
677,473,+fea+tur+e_^u&se$d ,alerts,2025-06-13 06:10:24,NA
678 ,335 ,feature_used ,NA,2025-05-21 01:37:34,NA
679,268,NA,alerts,2025-07-31 06:56:19,NA
680,382,feature_used,integrations,2025-08-23 09:56:22,NA
681,NA,fea#ture_u@sed,NA,2025-10-31 00:50:32,NA
682,NA,fea$tur@e!_us+ed,alert.s,2025-08-30 02:37:49,NA
683,NA,fea&tu+re_use(d ,al@erts,2025-09-20 09:59:39,NA 
684,184,(feature_use*d,NA,NA,NA
685,473,featu.re_used,i-ntegr^ati^ons,2025-07-17 07:59:42,NA
686,456,feature_used,ale&rts,2025-07-10 19:07:59,NA
687,NA,fe^atu*re_used,int_egrati)o-ns,2025-10-09 03:29:51,NA
688,NA,feature_used,integr(a*tions,2025-06-27 10:23:23 ,NA 
689 ,474,f.eature_used,alerts,2025-10-05 20:12:35,NA
690,82,feature_used,integrations,2025-07-12 02:38:28,NA
691,75,feature_$used,alerts,2025-05-20 23:51:43 ,NA
692,511,#FEATURE_.USED,ALERTS,2025-07-26 01:43:12,NA
693,384,feature_used,integrations,NA,NA
694,340,feature_used ,alerts,NA,NA
695,456 ,feature_used,in!tegration*s,2025-10-19 15:43:37,NA 
696,370,feature_used,alert(s,2025-10-27 20:32:48,NA
697,427,FEATURE_USED,I(NTEGRAT)IONS,2025-06-14 17:13:18,NA
NA,686,feature_used,int(egrations,2025-06-06 07:08:01,NA
699,508,feature_used,inte-grati%ons,NA,NA
700,673,_f#eatur#e_used,aler.ts ,2025-10-03 20:02:52 ,NA
701,225,FEATURE_USED ,INTEGRA@TIONS,2025-08-11 06:27:20,NA
702,NA,feature_used,int!egrations,NA,NA
703,193,feature_used,a%lert.s,2025-09-12 02:43:19,NA
704,496,NA,alerts ,2025-08-13 18:36:10,NA
705,320,&F$EATURE_USED,INTEGRATIO%NS,2025-09-21 16:24:10,NA
706 ,483,feature_used,alerts,2025-08-10 05:46:15,NA
707,398,feature_used,NA,2025-06-19 23:46:37,NA
708,636,FE-AT*URE_USED,I%NTEGRATIONS,2025-08-09 11:21:39,NA
709,642,feature_%used,alerts ,2025-10-21 20:32:40,NA 
710,207,feature_used,alert.s,2025-11-10 18:43:42,NA
711,400,_feat!ur&e_@used,^int%egr&atio+ns,2025-08-19 08:43:58,NA
712,333,&featur!e_used,alerts ,2025-06-19 21:43:16,NA
713,11,feature_us@ed,alert%s,2025-07-26 03:23:50,NA
714,547 ,feat^ure_used,-al)er#ts,2025-06-11 13:35:43 ,NA
NA,293,NA,alerts,2025-09-17 06:11:28,NA
716,325,f@e(a&tu^re_used,i-ntegrations,2025-11-01 23:53:59,NA 
717 ,283,NA,a*lerts,2025-05-30 11:52:09,NA
NA,NA,featur!e_used,NA,2025-08-01 12:10:38 ,NA 
719,NA,FEATURE_USED ,NA,2025-09-25 19:17:39,NA
720,368 ,feature_u*sed,integratio)ns,2025-09-26 02:09:41,NA 
721,NA,feature_us-ed,integrations,NA,NA
722,554,feature_used,alerts,2025-07-04 08:36:59,NA
723 ,216 ,feature_used,al*e%rts,2025-08-25 02:40:12,NA
724,189,feature_used,integ$r%ations,2025-08-04 07:46:39,NA
725,368,feature_us^ed,alerts,2025-09-08 12:20:19,NA
726,120,feature_.used,alerts,2025-09-20 14:38:11,NA 
727,661,feature_use_d,al%erts,2025-10-12 15:34:23,NA
728,347 ,f#e-ature_used,i#ntegrations,2025-08-04 05:51:38,NA
NA,135 ,feature*_%used,integrations,NA,NA
730 ,NA,@feature_used,integr*ations,NA,NA
731,667,NA,alerts,2025-07-19 21:42:04,NA
732,383,NA,integrations,2025-09-11 11:35:09,NA
733,613,NA,ale$rts,2025-06-14 16:41:39,NA
734 ,235,NA,alerts,2025-10-11 23:40:32,NA
735,199,feature@_used,NA,2025-08-09 15:47:15,NA
736,528,featu!re_us%e!d,NA,2025-10-02 16:41:20,NA
737,2,fe@atu#re_used,i^nt&egr&ations ,2025-07-09 19:30:00,NA
738,455,fe.atu^re_used,integ)rat)ions,2025-06-29 16:04:24,NA
NA,695,feature_used,alerts,NA,NA
740,323,fe&ature_u*sed,alerts,2025-06-10 06:58:41,NA
741,296,)fea%ture_u(sed,ale)rts,2025-10-08 12:24:12 ,NA
742,163,fe)ature_used ,al-er.ts,2025-06-12 01:05:43,NA
743,517,feature_used,integrations,2025-08-18 15:19:35,NA
744,487,feature_us@ed,alert!s,2025-09-24 08:38:45 ,NA
745,255,NA,alerts,NA,NA
NA,354,feature_used,&al.erts ,NA,NA
NA,79,feature_used,integrations,NA,NA
748,393,fea&ture_used,alerts,NA,NA
749,607,feature_used,NA,2025-09-26 16:39:37,NA
750,507,f#eatu%re_used,alerts,2025-08-07 23:06:48,NA
751,311,FEATUR-E_USE&D,ALERT$S,2025-05-26 13:45:40,NA 
NA,396,feat-u@re_used,@alerts,2025-09-02 05:45:58,NA
753,238,&featur%e_used,alerts,2025-06-02 21:38:19,NA
754,3,$feature_used,int+egration@s,NA,NA
755,55,*feature_used,NA,2025-10-19 07:19:12 ,NA
756,291,feature_used,alerts,2025-09-08 10:32:34,NA
757,NA,f*eature_used,alerts,2025-07-13 04:28:49,NA
758,370,feat+u@re_use%d ,integrati$ons,2025-10-05 11:08:25 ,NA
759,302 ,FEAT&URE_USED,INTEG!RATIO&N$S,NA,NA
760,233,@feat_u#re_*used,in_tegrations,2025-06-20 09:42:58,NA
NA,72,NA,NA,2025-06-26 05:38:35,NA
762,151,fe!ature_used,ale$rts,2025-05-24 11:11:29,NA
763,36,feature_used,(alerts ,2025-07-04 19:53:32,NA 
764,254,fea-tu%r%e_use@d,a@l%erts,2025-08-24 07:58:24,NA
765 ,42,fe-ature_used,ale*rts,2025-08-25 19:22:09,NA
766,353,feature_used,alerts,2025-11-09 17:16:07,NA
767,NA,NA,integrations,2025-07-10 10:50:27,NA
768,685,feature_us!ed,integrations,2025-06-29 06:38:11,NA
769,421,feat&ure_used,alerts,2025-11-01 13:00:08,NA
770,391,FEATURE_USED,INTEGRATIO!NS,2025-09-24 23:19:53 ,NA
NA,526,featu(re_us-ed,alert*s,2025-09-25 20:49:53,NA 
772,NA,#feature_#us&ed,)integrati.ons,2025-07-02 09:07:23,NA
NA,209,feature_used,alerts ,2025-05-30 23:03:00,NA
774,425,feature_used,integration&s,2025-07-08 21:46:30,NA
775,298,FEATURE_USED,^I#NTEGRATIONS,2025-06-14 12:05:21,NA
776,NA,feat.u(re_us*ed,aler)ts,2025-08-02 10:37:58,NA
777,79,f!ea!ture_used,a.lerts ,2025-08-02 01:07:30,NA 
778 ,160,fe-atu.re_used,alerts,NA,NA
779,NA,feature_u!sed,integrations,2025-08-04 02:45:16,NA
780,NA,featur$e_used,integrations ,2025-06-15 19:25:02,NA
781,568 ,FEATURE_U^SED,INTE)GR^A!TIO#NS,2025-10-05 20:15:56,NA 
782,149,fe+ature_)u&sed,-a-lerts,2025-06-22 01:52:21,NA
NA,300,featu&r@e_used,alerts,2025-06-28 15:29:45,NA
NA,NA,feat*ure._use#d,alerts,2025-05-24 22:00:02,NA
785,605,feature_used,integr+ations,2025-07-11 16:26:43,NA 
NA,432,feature_used ,al*erts,2025-09-21 06:09:20,NA
787,691,feature_used,integra.tions,2025-06-17 05:48:22,NA
788,211,f*eature_used ,al%erts,2025-09-08 10:51:07,NA
NA,488,feature_used ,alerts ,NA,NA
790,36,feature_used,integrations,2025-10-07 18:57:32,NA
791,506,featu#r@e_used ,alerts,2025-07-28 20:22:24,NA 
792,19,featu^re_used ,alerts,2025-07-29 21:43:53,NA
793 ,17,FEATURE_USED,INTEGR_ATION^S ,2025-07-21 03:17:21,NA
794,216,NA,i)ntegrations,2025-07-22 01:37:03,NA
795 ,158,(feature_used,alerts,NA,NA
796 ,287,featu+r.e_used,alerts,2025-08-13 19:06:35,NA
797,208,f^eatu)re_used,integ$rations,2025-06-16 23:13:16,NA
798,277,feature_used,^alerts,2025-06-07 16:11:44,NA
799,693 ,fea.tur_e_*used,alert@s,2025-06-15 02:21:03,NA
NA,68,fe+ature_used,al_erts,2025-07-12 15:35:29,NA
801,505,feature_used ,alerts,2025-08-22 18:23:48,NA
802,561,fea*ture_used ,alerts,2025-09-05 08:50:53,NA 
803,183,feature_used,NA,2025-07-17 08:37:32,na 
804,167,fea%tur+e_^used,in.te.gr+atio%ns,2025-08-05 21:05:28,NA 
805,574,feat(ure_used ,alerts,2025-09-02 11:32:41,NA
806,NA,fe-ature_used,integration)s,NA,NA
807 ,134,featu.re_used ,alerts ,2025-10-19 00:09:09,NA
808,307,feature_us)ed,int_egrations,2025-06-14 12:35:39,NA
NA,514,feature_!used ,al+erts,2025-06-08 01:13:13,NA
810 ,NA,feature_@used,alerts,2025-06-29 22:51:39,NA 
811,135,feature_used,integ&rations,NA,NA
812 ,12 ,f#ea!ture_+u&sed,integrations,2025-09-13 22:07:00,NA
813,556,fe_ature_used,alerts,2025-10-20 16:35:46,NA
814,368,feature_used ,i_ntegrations,NA,NA 
815,16,fea_ture_^used,aler%ts,2025-07-03 01:51:03 ,NA
816,540,NA,)integrations,2025-09-21 13:57:49,NA
817,117,NA,integrati-ons,2025-10-09 22:13:32,NA
818 ,57,NA,@a$lerts,2025-06-24 04:33:29,NA 
819 ,NA,feature_used,integration&s,2025-11-11 06:02:51,NA
820,598 ,feature+_used,aler(t(s,2025-08-22 20:39:48,NA
821,39,+feature_use.d,integrations,2025-10-01 11:02:45,NA
822,48,FEATURE_$USED,%INTEGRATION@S,2025-07-29 01:40:00,NA
823,238,f^eature_used,in#tegrations,2025-05-20 20:05:40,NA
824,450,feature_used,integratio#n.s,NA,NA
825,105,feature_used,alerts,2025-08-31 11:23:37,NA
826,89,fea(t^ure_used,a%lert+s,2025-09-25 09:46:22,NA
827,311,feature_use%d,NA,2025-06-05 05:18:02,NA
828,608,featur!e_used,aler*ts,2025-10-07 23:49:37,NA
829,227,fea^ture_used,integratio-ns,2025-10-16 01:41:10,NA
830,78,feature_used,NA,2025-11-09 18:40:45,NA
831,251,feat&ure_used,aler+ts,2025-06-22 22:41:03,NA
832,660,feature_used,inte#grations,2025-09-24 01:15:40 ,NA
833,531,^fea&t-ure_used,NA,2025-09-21 15:50:11,NA
834,164,feature_used,ale&rts,2025-06-13 00:21:44,NA
835,393 ,feature_used,integrations,2025-07-20 14:23:26,NA
836,389,NA,NA,2025-09-09 07:03:40,NA
837,377,NA,NA,2025-05-21 19:33:45,NA
838,NA,feature_used,alerts,2025-07-09 16:32:49,NA
839,355,feature@_used ,inte_g&rati+on@s,2025-08-15 12:23:49,NA
NA,231,feature)_used,integrat^ions,2025-07-06 06:37:37,NA
841,627,feature_used,aler#ts,2025-10-07 12:22:48,NA
842,NA,feature_used,i&ntegrations,NA,NA
843,184,feature_used,alerts,2025-07-06 07:06:03,NA
844,540,feature_used,aler-ts,2025-09-12 17:39:39,NA
845 ,547,feature_us+e)d,integrations,NA,NA
846,262 ,*feature_used,ale&rts,2025-08-25 06:15:01,NA
847,109 ,feature_used,NA,2025-10-14 07:54:03,NA
848,260,f.eature_used,a&le%rts,2025-07-11 18:27:13,NA
849,NA,NA,integrations,2025-08-22 20:07:50,NA
850,598,f.eat)ure_u+se&d,alert-s,2025-09-26 17:09:52,NA
851,NA,fe.ature_used,_integrations,2025-06-29 04:18:57,NA
852,248,NA,int%egrations,2025-08-03 06:48:04,NA
853,354,feat+u%re_used,alerts,2025-06-20 23:53:09,NA
854 ,136,NA,NA,2025-07-15 11:16:02,NA
855,65,feature_used,alerts ,2025-07-23 06:34:28,NA
856,223,feature_(used,integrations,2025-08-28 11:06:59,NA 
857,58,(feature_used,alerts,2025-08-14 12:47:06,NA
858,349,featu.re_use.d,alerts,NA,NA
859,40 ,featur#e*_used,a+lerts,2025-06-04 19:15:01 ,NA
860 ,71,featu_re_used,alert*s,2025-07-22 20:09:24,NA
NA,74,featur*e_used,alerts,2025-08-30 02:46:56 ,NA
NA,79,feature_u@sed ,alerts,2025-06-24 08:06:23,NA
863,350,FEATURE_USED,INTEGRATIO!NS,2025-07-27 20:30:12,NA
864,27,-feature_@u)sed,NA,2025-09-20 21:38:53,NA
865,9,f+eature_used,al@erts,2025-08-14 03:17:40,NA
866,71,feature_u)sed,integrat@io!ns ,NA,NA
867,708,NA,alerts,2025-08-16 03:27:09,NA
868,166 ,fea$t^ur_e_used,integra(tion(s,2025-10-16 10:49:50,NA
869,338,NA,alerts,2025-08-19 09:04:34,NA
870,393,feature_u)sed,alerts,2025-09-10 03:06:08,NA
871,365,feature_$used,integrations,2025-08-06 04:44:10,NA
872,283,feature_used,^integr%ations,2025-09-30 16:09:38,NA
873,456,featur(e$_used,a%le^rts,NA,NA 
874,254,feat.ure_+used,NA,2025-07-16 09:03:40,NA
875,NA,feat$ure_us.ed ,NA,2025-06-02 09:20:49,NA
876,691,fe*a-ture_used,alerts ,2025-06-21 19:38:36,NA
877,138,feature_used,)a$l_erts,2025-09-06 20:01:36 ,NA
878 ,NA,feature_us#ed,integrat_ions ,2025-11-13 09:34:16,NA
879,306,!feat&u(re_used,NA,NA,NA
NA,111,NA,int*egra-tions,2025-07-13 09:33:20 ,NA
881,140,f$e$ature_used,integrations,2025-06-01 18:31:05,NA
882 ,538,featur.e_use*d,*alerts,2025-06-03 03:45:49,NA
883,264,feature_use_d ,^alerts,2025-05-21 00:58:42,NA
884,243,featu_re_#used,NA,2025-09-26 22:50:49,NA
NA,406,feature_use#d,int-e#gration+s,2025-08-31 09:43:02,NA
886,589,featur(e__used,integrations,2025-09-25 18:48:51,NA
887,87,_fe#ature_u$sed,NA,2025-07-19 00:19:24,NA
888,NA,feature_used,integrations,2025-06-01 06:14:42,NA
889,57,NA,!alert*s,2025-09-21 13:10:44,NA
890,321,feature_use)d ,alerts,2025-08-18 23:54:58,NA
891,414,fe%ature_used,int!egrations,2025-09-16 05:35:24,NA
892,NA,feature^_used,alerts,2025-07-23 06:17:08,NA
893,406,featu@r+e_*used,alerts,2025-08-21 13:47:46,NA
894,314,$feature_used,alerts,2025-06-08 12:38:38,NA
895,282,feature_used,alerts,2025-06-22 00:59:54 ,NA
896,435,feat^ure_used,integrati)ons,2025-09-28 12:20:42,NA
897,271,+feature_used,aler.ts,2025-06-25 22:09:42,NA
898,686,FEATURE_U*SED,ALERTS ,2025-06-02 02:19:42,NA
899,364,NA,NA,2025-08-02 05:58:36,NA
900,329,NA,INTEGRA#TIONS,2025-06-10 11:50:13,NA
901,409,feature_used,ale.rts,NA,NA
902,524,fe$ature_used ,integrations,2025-08-18 01:14:20,NA
903,597,feat+ure_used,alerts,2025-09-25 01:31:43 ,NA 
904,541,fea!ture_used,NA,2025-09-13 01:08:34,NA
905,NA,feature_used,int@egrati(ons,2025-07-05 18:09:22,NA
906 ,426 ,feature_used,integratio%ns,2025-06-15 03:32:42,NA
NA,409,feature_used,alerts,NA,NA
908 ,15,feature_used,int#egrat.ions,2025-08-23 01:31:58,NA 
909,53,feature_used,NA,2025-09-02 11:25:37,NA
910,677,fea)tur%e_used,alerts,2025-10-01 10:51:31,NA
911 ,587,feature_used,integrations,2025-07-04 18:55:45,NA
NA,438,featur+e_used,ale*r.ts,2025-07-24 12:02:10,NA
913 ,14,featu_r+e_used,alerts,2025-06-28 13:38:58,NA
914,411,feature$_used,alert.s,NA,NA
915,657,featu)re_used,integrations ,2025-08-27 21:26:48,NA
916,243,fea_tur_e_used,i^ntegratio$ns,NA,NA
917,494,&feat%ure_used,NA,2025-07-26 01:37:13,NA
918,563,featur(e_used,aler-t!s,2025-09-09 13:43:37,NA
919,530,feature_used,%alert^s,2025-05-30 00:51:21,NA
920 ,200,feat^ure_used,NA,2025-09-14 23:36:45,NA
921,627,@feature_us.ed,alerts,2025-09-26 13:41:50,NA
922,NA,FEATURE_USED,INT)EGRATIONS,2025-06-13 22:48:57,NA
923,533,_fea.t#u(re_used,integrat-ions,2025-06-30 03:42:38,NA
924 ,257,feature_used,NA,2025-06-30 11:35:48,NA
925,124,%feat+ure_us)ed,.in&tegration%s,2025-07-31 03:11:17,NA
926,633,feature_u!sed,i&ntegrations,2025-07-23 15:38:07,NA
927,184,fe_ature#_u)sed,NA,2025-06-18 21:22:54,NA
928,277,f#eat@ur%e_u+sed,$inte(grati$ons,2025-06-17 08:43:26,NA
929,222,NA,AL)ERTS,2025-06-17 22:43:56,NA
930,365,fea$ture_used,-i!ntegration.s,2025-08-06 13:04:43,NA
931,NA,featu+re_used,alerts,2025-07-13 01:42:02,NA
932,626,FEATURE_USED,ALERT&S,2025-07-12 19:31:00,NA
933,160,NA,NA,2025-10-13 00:19:14,NA
934,9,feature_used,alerts,2025-06-08 22:06:39 ,NA
935,109,feature_(used,integrations,NA,NA
936 ,144,FEATURE_USED ,#A-LER.TS,2025-08-25 17:42:04 ,NA
937,613 ,fea_t-ure#_used,integrations,2025-07-29 15:43:23,NA
938,117,f&eature_us%ed,NA,2025-08-14 06:17:37,NA
939,596,featu)re_used,al+erts,2025-09-10 22:23:36,NA
940,440,feature_used,in+tegr!a*tions,2025-07-06 10:24:32,NA
941,673,featu*re_used,NA,2025-07-03 04:40:10,NA
942,8 ,#f!ea@ture_used,al-erts,2025-10-19 17:15:41,NA
943,484,fe(ature_used,integrations,2025-06-14 15:07:20,NA
944,555,featur+e_@u-s)ed,int(eg(rati#ons,2025-06-24 18:50:25,NA
945,277,feature_used,integratio(ns,2025-06-11 11:21:10,NA
NA,NA,feature_used,integrations,2025-09-03 07:01:42,NA
947 ,584,feature_used,alerts,2025-10-04 15:34:58,NA
NA,594 ,feat.ure_used,alerts,2025-06-15 04:01:43,NA
949,269,featur%e_used,integrations,NA,NA 
950,122,fe$a_t)ure_used,alert(s,2025-09-02 02:10:08 ,NA
951,NA,NA,$al)er)ts,2025-07-08 19:10:15,NA
952,494,feature_u!s&ed ,aler%ts,2025-05-28 14:42:41,NA
953,529,feature_used,integrations,2025-06-08 23:27:36,NA
954 ,183 ,FEATURE!__U$SED,ALERTS,NA,NA
NA,NA,feature_used,integr*ations,2025-07-10 05:09:18,NA
956,656,NA,integ@r^ations,2025-07-10 06:12:59 ,NA
957,246,featu!re_used,in$teg)rations ,2025-06-30 22:18:10,NA
958,340,NA,NA,2025-09-05 19:30:02,NA
959,NA,f$eature_us)ed ,$alerts,2025-06-24 09:35:14,NA
960 ,NA,featu&re_used,integrations,2025-06-15 12:40:37 ,NA 
961,184,feature_)used,)integrations,2025-08-29 01:29:17,NA
962,431,fe%ature_u@sed,integ-rations,2025-08-22 10:44:25,NA
963,694,f%eature_use&d,integrations,2025-09-08 07:52:59,NA
964,177,NA,alerts,NA,NA
965,663,feature_use-d,alerts,2025-08-31 15:35:41,NA
966,431,FEATU$RE_USED,NA,2025-07-02 18:46:25,NA
NA,57,feature_used,alerts,2025-08-17 07:41:05,NA
968,98 ,FEATURE_USED,INTEGRATIONS,2025-06-30 01:22:43,NA
969,175,feature_used,integ^rat!ions,2025-07-18 03:44:27,NA
970,590,FEATURE_USED,AL(ERTS,2025-06-04 13:39:40,NA
971,593,feature!_used,+alerts,2025-07-14 06:06:44,NA
972,NA,*f%eature_used,+alerts,2025-07-07 00:29:42,NA
973,363,feature_&used,NA,2025-06-08 16:21:16,NA
974,671,feature_use!d,a!lerts,2025-06-21 19:26:47,NA 
975,NA,FEATUR-E_.USED,INT@EG_RAT_IONS ,NA,NA
976,NA,featur.e_used,NA,2025-10-30 15:02:58,NA
977,49,NA,NA,2025-05-23 01:24:53 ,NA
978,568,feature!_used,in@tegrations,2025-07-08 00:50:19,NA
979,29,NA,al&ert@s,2025-09-28 12:20:40,NA
980,560,feature_use&d ,alert*s,2025-08-18 20:59:50,NA
981,635,feat$ure_used,integra.ti*ons,2025-07-18 04:00:30,NA
982,200,NA,alerts,2025-06-12 01:43:07,NA
983,557,feat.u^re_u_sed,alerts,2025-09-02 06:02:11,NA
NA,265,feature_used,integ-rations,NA,NA
985,579 ,feature_used,al^e+rts,2025-08-06 14:12:24,NA
986,279,NA,alerts ,2025-06-23 05:34:15,NA
987,660,feat-ure_use.d,integrations,2025-08-21 14:28:44 ,NA 
988,594,feature_used,ale%rts,2025-09-12 19:18:51,NA
989,324,fe@ature_u*sed,alerts,2025-09-09 09:37:46 ,NA
990,490 ,NA,integra)ti*ons,2025-10-23 23:16:52,NA 
991,291,fe@ature_u+sed,integrations,2025-05-23 03:21:04,NA
992,387,feat#ure_@use$d,alerts,2025-06-02 11:28:59,NA
993,698,feature_used,alerts,2025-07-14 03:59:46,NA
994,NA,fe-ature_used,integrations,2025-08-05 12:29:09,NA
995,328 ,fea#ture_used,alerts,2025-09-22 12:58:17,NA
996,454,feature_used,al)ert)s,2025-06-21 02:26:04,NA
997 ,230,featu%re_used,ale-rts,2025-06-15 03:30:48,NA
NA,171 ,fe*a_ture_us*ed,integr!ations,2025-06-12 04:09:50,NA
999,519,NA,NA,NA,NA
1000,600,feature_used,alert&s,2025-06-22 16:00:46,NA
1001 ,580 ,FEATURE_USED,INTEGR+ATIONS,2025-07-18 09:37:03,NA
1002,692,feature_used,alerts,NA,NA
1003,437,fe*ature_used,a+l-erts,2025-07-10 23:35:19 ,NA
1004,470,feature_used,integrat(ions,2025-07-29 02:49:53,NA
1005,273,feat-ure_u)sed,alert)s,2025-08-04 15:55:15,NA
1006,416,FEATU+RE(_USED,ALERTS,2025-06-27 07:09:04,NA
1007,131,feature_used,ale&rts ,2025-05-28 09:39:24,NA
1008,434,feature_used,integr_ations,2025-09-26 03:31:26,NA
1009,NA,feature_use+d,i+n$te.grations,2025-07-26 11:52:37,NA
1010,265,feature_us(ed,integratio)ns,2025-07-10 13:44:03,NA
1011,178,feature(_used,in-tegrations ,2025-06-25 03:32:34,NA
1012,NA,NA,alerts,2025-09-29 15:21:01,NA
1013,678,.featur#e_used,aler.ts,2025-08-13 11:17:36,NA
1014 ,460,fea*ture_used,&alerts,2025-05-28 14:14:00,NA
1015,186,fea!ture_used,alerts,2025-08-09 05:52:43,NA
1016,511,feature_us$ed,integrations,2025-07-27 07:09:18,NA
1017,548,featur!e_used,alerts ,2025-10-01 12:17:42,NA
1018 ,NA,feature_us&ed,aler&ts,2025-06-12 23:05:05,NA
1019,540,feature)_used,i#ntegrations ,2025-08-27 11:02:57,NA
1020,363,feature_%used,alerts,2025-07-09 15:07:00,NA
1021,674,f-eature_used,-al-erts,2025-09-02 11:22:01,NA
1022,698,featur_e_used,NA,2025-06-23 20:03:23,NA
1023,538,fea&t+ure_us)ed,^in$tegration*s,2025-09-10 16:05:37,NA
NA,387,NA,alerts,2025-07-01 01:55:01,NA
NA,318,fe-ature_us!ed,alerts,2025-06-06 06:45:03,NA
1026,482,feature_used,integrations,2025-09-19 08:22:07,NA
1027,435,f^eatur^e_use*d,integratio#ns,2025-10-04 19:13:52,NA
1028,490,feature_^used,i!n*tegrations,2025-06-20 03:07:17,NA
1029,172,feat^ure)_use_d,alert@s,NA,NA
1030,690 ,f_eature__used,integrati_ons,2025-06-15 17:22:16,NA
1031,662,featur^e_us)ed,&in&tegrations,2025-07-27 13:02:29,NA
1032 ,442,featu@re_use#d,alert-s,2025-06-19 01:33:16,NA 
1033,135,NA,alerts,2025-06-04 05:56:06,NA
NA,617,feature_used,i)nteg.r_ations,2025-10-01 09:50:51,NA
1035,443,fe&ature_used,integrations,2025-07-06 09:53:29,NA
1036,234,featur(e_used,aler(ts,2025-06-07 06:44:51,NA 
1037,155,*feature$_used,a&lerts,2025-10-21 18:21:54,NA 
1038,581,feature_used,NA,2025-07-23 11:10:06,NA
1039,290,feature_used,in%tegrati&ons,2025-09-24 19:26:01,NA
1040,578,feature_use@d,integrations,2025-06-10 13:59:43,NA 
1041,222,fe_at)ure@_used,NA,2025-07-14 03:21:02,NA
1042,680 ,feature_used,integrations,2025-07-28 12:24:23,NA
1043,642,feature_used,alerts,2025-08-11 11:27:23,NA
1044,283,feat-ure+_used,alerts,2025-06-09 01:23:45,NA
NA,687,fe&ature_+u!sed,in_tegra@tions,2025-07-16 17:07:39,NA
1046,101,feature_us(e%d,!alerts ,2025-06-16 03:35:07,NA
1047,NA,feature_.u+sed,integrations,2025-09-03 16:26:48,NA
1048,254,fe%ature_used,alerts,2025-08-11 09:47:52 ,NA
NA,NA,feature_@used,NA,2025-10-05 11:03:22,NA
1050,NA,NA,integ^rat#i)ons,2025-05-31 12:52:28,NA
1051,114,featur@e_used,@alerts ,2025-06-21 21:57:01,NA
1052,505,+feature._used,integrations,NA,NA
1053,541,f$eature_us+ed,alerts,2025-08-30 06:46:56,NA
1054,418,featur&e_us+ed,integrat_ions,2025-08-08 11:43:50,NA
1055 ,NA,feat!ure_used,alerts,2025-06-10 16:34:08,NA
1056,308,NA,alerts,2025-09-12 16:23:56,NA
1057,494,fe#ature_used ,alerts,2025-08-07 08:50:33,NA
1058,212,f$eat^ur@e_used,integrations,2025-06-28 10:19:48,NA 
NA,612,feature_.use.d,integrati_ons,2025-09-14 20:26:35,NA
1060,NA,feature_us$ed,NA,2025-10-15 07:14:27,NA
1061,185,feature_used ,NA,2025-06-27 08:00:40,NA 
NA,NA,feature_use*d,#integra!tions,2025-09-08 21:32:28,NA
1063,19,feature_used ,alerts,2025-06-23 23:27:48,NA
1064,658,fe-ature_used ,alert&s,2025-06-15 05:15:28,NA
1065,292,(feature_u$s.ed,NA,2025-06-28 02:57:20,NA
1066,NA,fea.ture_us(e-d,integr.at&io+ns ,2025-06-22 01:35:55,NA 
1067,332,feat!ure_u#sed,NA,2025-11-06 07:43:58,NA
1068,695,feature_use$d,alerts ,2025-08-29 23:47:35,NA
1069,204,feature_u#se^d,integrations,2025-06-01 13:10:27 ,NA
1070,232,f!eature_used,alert*s,NA,NA
1071 ,490,NA,ale$rts,NA,NA
1072,NA,featu^re_used,alerts,2025-08-21 14:35:08,NA
1073,688,fea+ture_use!d,integratio+ns,2025-07-10 02:18:32,NA 
1074,NA,feat^ure_use+d,alerts,2025-06-09 07:59:26 ,NA
1075,675,feature_(u_s%ed,integrations,2025-08-16 04:40:44,NA 
1076,NA,featur@e_used,NA,2025-09-16 21:22:08,NA
1077,NA,fea-ture_used,integratio#ns,2025-05-31 02:03:06,NA
1078,696,feature_@used,aler.ts,2025-07-11 00:28:13,NA
1079,NA,feature_used,-ale*rts,2025-06-04 13:35:30,NA
1080,480,)featur*e_us.ed,alerts ,2025-06-11 03:16:32,NA
NA,42,featu#re_used,inte$g_rations,2025-07-22 22:47:49,NA
1082,52,feat#ure)_#u$sed,alerts,2025-08-13 15:50:49,NA
1083,439,feature_used,integ^ra)tions,2025-07-17 12:06:56,NA
1084,279,feature!_.used ,alerts,2025-05-28 18:52:10,NA
1085,516,feature_used,integrati&ons,2025-06-23 06:15:43 ,NA
1086,656,f-eature_u_sed,^inte@gra(t.ions ,2025-07-11 17:27:12,NA
1087 ,250,featu+re_used,inte#grations,2025-10-03 08:59:56,NA
1088,412 ,feature_us(e%d,integrations,2025-06-26 03:26:56,NA
1089,393,feature_used,integr-ati%ons,2025-06-26 12:09:46,NA
1090,600,featur%e_us%ed,a@l*erts,2025-06-28 10:49:16,NA
NA,152,feature_u_se&d,ale$rt$s ,NA,NA
1092 ,694,NA,NA,2025-08-24 09:56:14,NA
1093,80 ,featu@re_used,alerts ,2025-07-17 18:46:46,NA
1094,216,f@eature_u^sed,NA,2025-09-06 03:09:13,NA
1095,244,f&eat(ure_use#d,alerts,2025-06-02 03:26:19,NA
1096,602 ,feature+_-used,alerts,2025-07-01 07:04:23,NA
1097,264,NA,in^tegra.t_ions,2025-06-20 08:09:26,NA
1098,242,featur&e._us%ed,NA,2025-10-21 23:42:54,NA
1099,672,feature_used,!al_erts,2025-07-29 02:05:41,NA
1100,NA,feature_u$sed ,integra_tions,2025-07-19 00:15:57,NA
1101,1,feature_used,NA,2025-09-03 00:43:04,NA
1102,519,f(eature_use+d,#a$le%rts ,2025-06-29 00:33:19,NA
1103,436,featur#e_us-ed,NA,2025-08-12 02:18:24,NA
1104,266,NA,a@ler^ts,NA,NA
1105,501,_fea$ture#_used,alerts,2025-06-09 09:45:01,NA
1106,526,NA,al!erts,NA,NA
1107,NA,fe)ature_used,al$erts,NA,NA
1108,615 ,fe#a@ture_us*ed,integrations,2025-09-04 21:13:10,NA
1109,663,feature&_used,integratio^ns,2025-11-07 17:51:22,na 
1110,617,feature_used,alerts,2025-09-09 17:25:33,NA
1111,599 ,f-eature_used,integrations,2025-08-27 12:02:41,NA
1112,647,f%ea#ture_us^ed,inte*grations,2025-07-10 10:11:00,NA
1113,180 ,feature_use.d,alerts,2025-09-06 18:24:35,NA
1114,465,featu(re_used,NA,2025-09-27 01:19:50,NA
1115,605,NA,aler^ts,2025-08-25 15:13:24,NA
1116,397,feat@ure_u-sed,NA,2025-08-20 18:53:58,NA
1117,513,-feat_ure_used,in!t*e$gr)ations,2025-08-16 13:13:39,NA
1118,123,NA,al$erts,2025-09-19 02:24:50,NA
1119,NA,feature_used ,integrat-ions,2025-08-25 06:33:23,NA
1120,413,NA,alerts,2025-08-20 17:47:52,NA
1121,2,@f$eat-ure_us.e!d ,NA,2025-08-12 12:18:45,NA
1122,NA,feature_us.ed,al(ert-s,2025-06-14 01:59:55,NA
1123,617,&feature_use!d,alerts,NA,NA
1124,604,feature@_use&d,integrations,2025-07-26 23:15:16,NA
1125,330 ,NA,aler(ts,2025-08-09 13:23:12,NA 
1126,439,feature_used,inte-gration+s,2025-06-13 13:26:40 ,NA
NA,687,NA,alerts,2025-09-12 00:25:09,NA
1128,148,NA,ALERTS,2025-06-07 17:33:22,NA
1129,398,NA,i^n^teg%ra@tions,2025-08-29 07:09:03,NA
1130,NA,fea-ture_used,integrations,2025-10-08 09:58:16 ,NA
1131,621,NA,alerts,2025-08-03 11:02:34,NA
1132,125,fea!tur)e_used,alerts,NA,NA
1133,476,feature_used,@alerts,2025-07-27 12:38:39 ,NA
NA,588,featu-re_used,i#ntegr%ations,2025-07-13 02:22:39,NA
1135,253,fea$ture_used,integrati%ons,2025-06-02 08:40:45,NA
1136,131,feature^_$us$e.d,integ.r%a@tions,NA,NA
1137,432,feature_us(ed,alerts,2025-06-25 23:41:22 ,NA
1138,453,fea+ture_u.se_d,NA,2025-06-14 16:07:00,NA
NA,584,NA,alerts,2025-06-21 02:42:57,NA
1140,NA,NA,alerts ,NA,NA
1141 ,194 ,NA,reports ,2025-07-19 04:14:55,NA
1142,706,fe.ature_u@sed,.inte^grations,2025-05-23 12:22:22 ,NA
1143,631,feature_used,int_eg!rations ,2025-07-08 10:43:50,NA 
1144,505,F%EAT_URE_US#ED,INTEGRATIONS,2025-09-28 21:53:40,NA
1145 ,336,fe%a^tur^e_used,alert+s,2025-09-10 10:06:53,NA
1146,306,NA,integrations,2025-07-15 11:29:33 ,NA
1147,261,feat%ure#_used,a^ler%ts,2025-09-19 17:33:49,NA
1148,463,f^eature_used,i(nte^gratio.ns,2025-08-19 13:08:50,NA
1149,554 ,f.eature_used ,integr%ations,NA,NA
1150,446,featu!re_used,inte^grations,2025-07-06 03:39:35,NA
1151,328,NA,integrations ,NA,NA
1152 ,160,f*eatu(re_used,NA,2025-08-12 16:28:03,NA
1153,618,NA,i(n(tegrations,2025-06-16 23:28:01,NA
1154,16,feature_u@sed,#alerts,2025-08-09 17:29:56,NA
1155,96,+fe_at@ure_used,)int*egrations,2025-09-01 20:32:58,NA
1156,20,feat(ure_use-d,alerts,2025-09-07 11:50:17,NA
NA,210,fe*atur.e_used,alerts,2025-09-13 17:47:21,NA
1158,488,feature_used,int)egrations,2025-08-13 14:25:56,NA
1159,NA,feature_used,al_erts,2025-10-20 19:50:15,NA
1160,3,feature_use*d,_alerts,2025-09-26 22:28:36,NA
1161,13 ,feature_used ,integrations,2025-06-26 03:06:21,NA
1162,538,feat.ure#_used,in!tegr_ations,2025-06-05 09:11:39,NA
1163,NA,feature_used,alert@s,2025-07-01 13:03:04,NA
1164,62,NA,a)lerts,NA,NA
1165,586,feature_used,int$egrations ,2025-08-12 09:28:44,NA
1166,240,feat&ur$e$_use#d,alert%s ,2025-07-28 00:38:08,NA
1167,32,NA,alerts,2025-09-15 13:41:29,NA
1168,54,NA,@in_tegratio&ns,2025-07-08 19:31:05,NA
1169,256,*FEATU%RE_USE_D ,ALERTS,2025-07-11 06:26:52 ,NA
1170,204,fea@ture_u$se-d ,integ-rations ,NA,NA
1171,227,featu!re_used,NA,2025-06-19 09:34:45 ,NA
1172,197,feature_@used,ale$r-ts,2025-05-22 06:01:27,NA 
1173,402,feat%ur!e_@used,integrations,2025-09-24 08:26:24,NA
1174,229,f)eat@ure_%used,int+egrations,2025-09-10 02:20:22,NA
1175,185,feature_+use*d,integrations,2025-08-29 04:40:45,NA
1176,368,feature_u*sed,alerts,2025-08-09 17:26:43,NA
1177,688,feature_u-sed,integra$tions,2025-09-14 14:50:09,NA
1178,30 ,feat(ure_used,alert!s ,NA,NA
1179,410,feature_used,alerts,2025-09-02 02:42:07,NA
1180,452 ,)feature_use*d,integrati_ons,2025-07-10 04:10:57 ,NA
NA,150,feat&ure_used,alerts,NA,NA
1182,551,feature_+used,alerts,2025-07-18 11:10:04,NA
1183,82,fea$tur#e_used,alerts,2025-06-04 05:10:32,NA
1184,286,featur&e_used,ale_r+ts ,2025-07-25 07:20:35,NA
1185,NA,featur@e_used,int$egrations,2025-08-18 04:58:26,NA
1186,126,feat+ure_used,^alerts,2025-06-29 14:04:19,NA
1187,120,featu(r*e_u_sed,+alerts,2025-06-19 08:37:19,NA
1188,NA,fea(ture_used ,in@tegrations,2025-08-05 15:11:49,NA
1189,83,FEATURE_USED,IN(TEGRATIO-NS,NA,NA
1190,398,f-eature_us.ed ,integrations,2025-06-28 12:45:54,NA 
1191,533,f!eature(_us(ed,i+nte.grations,NA,na 
1192,389,featur)e_used,NA,2025-08-16 10:08:58,NA
1193,655,)f-eature_used,integ!rations,2025-06-11 13:14:06,NA
1194,504,f+eature_used ,integrations,2025-09-16 12:09:42,NA
1195,440,feature_used,integr.ati*on&s,2025-07-29 20:35:50,NA
1196,546,feature_used,a_le^rts,NA,NA
1197 ,432,feature_used,integrations,2025-06-08 08:05:34,NA
1198,120,NA,INTEGRA@T*I(ONS,2025-09-18 01:35:18,NA
1199,340,featur%e_us.ed,NA,2025-06-25 22:52:31,NA 
1200,371,NA,integratio_ns,2025-10-17 04:43:16,NA
